"BROKEN","EPIC","FAILED","FEATURE","PASSED","SKIPPED","STORY","UNKNOWN"
"0","","0","","2","0","VB_NEG_001","0"
"0","","0","","2","0","SC_NEG_002","0"
"0","","0","","2","0","VSEP_EXCEPTION_001","0"
"0","","0","","2","0","VR_NEG_001","0"
"1","","0","","7","0","","0"
"0","","0","","2","0","VC_NEG_001","0"
"0","","0","","2","0","VCMP_NEG_003","0"
"0","","0","","2","0","SE_NEG_002","0"
"0","","0","","2","0","VI_POS_001","0"
"1","","0","","0","0","VS_POS_001","0"
"0","","0","","2","0","TD_NEG_001","0"
"0","","0","","2","0","VS_NEG_001","0"
"0","","0","","2","0","VCMP_NEG_002","0"
"0","","0","","2","0","VI_NEG_001","0"
"0","","0","","2","0","SE_POS_001","0"
"0","","0","","2","0","SC_NEG_001","0"
"0","","0","","2","0","SER_NEG_001","0"
"0","","0","","2","0","ASR_POS_001","0"
"0","","0","","2","0","TDS_POS_001","0"
"0","","0","","2","0","VCMP_EXCEPTION_001","0"
"0","","0","","2","0","VCMPS_NEG_001","0"
"0","","0","","2","0","SC_POS_001","0"
"0","","0","","2","0","SER_POS_001","0"
"0","","0","","2","0","VCMP_NEG_001","0"
"0","","0","","2","0","VT_NEG_001","0"
"0","","0","","2","0","VT_NEG_002","0"
"0","","0","","2","0","VCMPS_EXCEPTION_001","0"
"0","","0","","2","0","TD_NEG_002","0"
"0","","0","","2","0","TD_POS_001","0"
"0","","0","","2","0","VCMP_BOUNDARY_001","0"
"0","","0","","2","0","VSEPS_POS_001","0"
"0","","0","","2","0","VSEP_BOUNDARY_001","0"
"0","","0","","2","0","VSEP_NEG_001","0"
"0","","0","","2","0","VCMPS_POS_001","0"
"0","","0","","2","0","ASR_NEG_001","0"
"0","","0","","2","0","VC_POS_001","0"
"0","","0","","2","0","VC_NEG_003","0"
"0","","2","","0","0","VB_POS_001","0"
"0","","0","","2","0","VSEP_NEG_002","0"
"0","","2","","0","0","VT_POS_001","0"
"0","","0","","2","0","VCMP_POS_001","0"
"0","","2","","0","0","VR_POS_001","0"
"0","","0","","2","0","VSEP_POS_001","0"
"0","","0","","2","0","SCS_POS_001","0"
"0","","0","","2","0","VCMP_BOUNDARY_002","0"
"0","","0","","2","0","VC_NEG_002","0"
"0","","0","","2","0","SCS_NEG_001","0"
"0","","0","","2","0","VC_NEG_004","0"
"0","","0","","2","0","ASR_NEG_002","0"
"0","","0","","2","0","VSEPS_NEG_001","0"
"0","","0","","2","0","SE_NEG_001","0"
"0","","0","","2","0","VSEP_NEG_003","0"
"0","","0","","2","0","VSEPS_EXCEPTION_001","0"
"0","","0","","2","0","TDS_NEG_001","0"
